buscoID	query_chr	position	assigned_chr
2at71240	SUPER_5	2170098.0	SUPER_5
17at71240	SUPER_16	322379.5	SUPER_16
86at71240	SUPER_10	12218527.0	SUPER_10
204at71240	SUPER_12	31629185.5	SUPER_12
224at71240	SUPER_1	16833466.5	SUPER_1
265at71240	SUPER_17	15715837.0	SUPER_17
312at71240	SUPER_15	7894609.5	SUPER_15
491at71240	SUPER_7	31064536.5	SUPER_7
526at71240	SUPER_12	8936996.5	SUPER_12
640at71240	SUPER_2	2611832.0	SUPER_2
703at71240	SUPER_10	32729585.5	SUPER_10
727at71240	SUPER_17	1610783.5	SUPER_17
745at71240	SUPER_12	5461104.0	SUPER_12
769at71240	SUPER_8	10344884.0	SUPER_8
779at71240	SUPER_8	8950016.0	SUPER_8
906at71240	SUPER_7	27120737.5	SUPER_7
916at71240	SUPER_11	37693471.0	SUPER_11
1064at71240	SUPER_9	31173977.0	SUPER_9
1158at71240	SUPER_3	4761967.5	SUPER_3
1159at71240	SUPER_5	23027239.5	SUPER_5
1185at71240	SUPER_1	24621491.0	SUPER_1
1212at71240	SUPER_4	28852702.5	SUPER_4
1291at71240	SUPER_16	3467984.5	SUPER_16
1357at71240	SUPER_7	23200999.5	SUPER_7
1566at71240	SUPER_1	25914525.0	SUPER_1
1604at71240	SUPER_11	35188101.0	SUPER_11
1950at71240	SUPER_15	11507441.5	SUPER_15
2018at71240	SUPER_6	21426400.5	SUPER_6
2045at71240	SUPER_12	31676025.5	SUPER_12
2065at71240	SUPER_14	4792100.0	SUPER_14
2143at71240	SUPER_2	3850892.5	SUPER_2
2268at71240	SUPER_7	35061587.0	SUPER_7
2327at71240	SUPER_7	13431598.5	SUPER_7
2360at71240	SUPER_7	27107790.5	SUPER_7
2395at71240	SUPER_13	10572675.5	SUPER_13
2400at71240	SUPER_17	9699737.5	SUPER_17
2421at71240	SUPER_15	9422449.5	SUPER_15
2430at71240	SUPER_14	29447691.0	SUPER_14
2499at71240	SUPER_17	30337684.0	SUPER_17
2753at71240	SUPER_9	26287689.5	SUPER_9
2869at71240	SUPER_13	12761701.0	SUPER_13
2884at71240	SUPER_9	30825844.5	SUPER_13
2956at71240	SUPER_3	25042439.5	SUPER_3
2984at71240	SUPER_12	24046565.5	SUPER_12
3053at71240	SUPER_7	7589202.0	SUPER_7
3157at71240	SUPER_10	41720343.5	SUPER_10
3166at71240	SUPER_11	10978336.5	SUPER_11
3221at71240	SUPER_15	9828162.0	SUPER_15
3382at71240	SUPER_2	34521307.5	SUPER_2
3447at71240	SUPER_8	4179775.5	SUPER_8
3475at71240	SUPER_3:36456563-36488096	36470947.0	SUPER_3:36652107-36699088
3500at71240	SUPER_6	136417.0	SUPER_6
3501at71240	SUPER_4	2632382.5	SUPER_4
3595at71240	SUPER_10	23415411.0	SUPER_4
3639at71240	SUPER_2	15889394.0	SUPER_2
3732at71240	SUPER_15	41267971.5	SUPER_15
3734at71240	SUPER_6	32776487.0	SUPER_6
3767at71240	SUPER_14	25507383.0	SUPER_14
3884at71240	SUPER_6	5629868.0	SUPER_6
3978at71240	SUPER_15	18424153.5	SUPER_15
4227at71240	SUPER_4	29987855.0	SUPER_4
4325at71240	SUPER_14	27811213.0	SUPER_14
4403at71240	SUPER_10	41869729.0	SUPER_10
4807at71240	SUPER_2	11109669.0	SUPER_2
4907at71240	SUPER_14	27333494.5	SUPER_14
4933at71240	SUPER_13	20865555.0	SUPER_13
5096at71240	SUPER_16	5546877.0	SUPER_16
5171at71240	SUPER_5	31859804.0	SUPER_5
5180at71240	SUPER_2	33715731.0	SUPER_2
5269at71240	SUPER_7	12187520.5	SUPER_7
5369at71240	SUPER_4	3581745.5	SUPER_4
5406at71240	SUPER_17	33678358.5	SUPER_17
5407at71240	SUPER_10	42137187.0	SUPER_10
5427at71240	SUPER_10	33186866.5	SUPER_10
5504at71240	SUPER_7	22383264.5	SUPER_7
5623at71240	SUPER_12	27519080.5	SUPER_12
5633at71240	SUPER_17	2773451.5	SUPER_17
5653at71240	SUPER_2	6519693.0	SUPER_2
5656at71240	SUPER_17	24183292.0	SUPER_17
5730at71240	SUPER_9	9582086.0	SUPER_9
5943at71240	SUPER_12	8581455.5	SUPER_12
6058at71240	SUPER_4	4166831.5	SUPER_4
6130at71240	SUPER_5	34418532.5	SUPER_5
6146at71240	SUPER_5	35051654.0	SUPER_5
6220at71240	SUPER_4	29819509.5	SUPER_4
6441at71240	SUPER_14	10233587.5	SUPER_14
6442at71240	SUPER_7	1068149.5	SUPER_7
6528at71240	SUPER_15	14543962.0	SUPER_15
6543at71240	SUPER_10	32714551.5	SUPER_10
6688at71240	SUPER_12	13847340.0	SUPER_12
6689at71240	SUPER_1	19069458.5	SUPER_1
6786at71240	SUPER_6	31087047.5	SUPER_6
6862at71240	SUPER_5	37415734.5	SUPER_5
6890at71240	SUPER_11	9449780.5	SUPER_11
6952at71240	SUPER_9	31822114.0	SUPER_9
7075at71240	SUPER_2	18425000.0	SUPER_2
7309at71240	SUPER_7	1928619.0	SUPER_7
7345at71240	SUPER_8	849712.5	SUPER_8
7677at71240	SUPER_16	13196278.5	SUPER_16
7858at71240	SUPER_4	1614727.5	SUPER_4
7892at71240	SUPER_16	3410726.5	SUPER_16
7941at71240	SUPER_12	4614477.0	SUPER_12
8000at71240	SUPER_4	2220998.0	SUPER_4
8041at71240	SUPER_16	10478958.5	SUPER_16
8294at71240	SUPER_11	3856194.5	SUPER_11
8314at71240	SUPER_17	24894681.0	SUPER_17
8345at71240	SUPER_12	4282806.0	SUPER_12
8379at71240	SUPER_15	48423305.0	SUPER_15
8485at71240	SUPER_14	511576.0	SUPER_14
8517at71240	SUPER_11	39640902.5	SUPER_11
8534at71240	SUPER_7	7612792.0	SUPER_7
8672at71240	SUPER_7	25051277.0	SUPER_7
8681at71240	SUPER_17	5476476.5	SUPER_17
8739at71240	SUPER_6	32815798.0	SUPER_6
8828at71240	SUPER_13	24689759.5	SUPER_13
8890at71240	SUPER_2	29042379.0	SUPER_2
9076at71240	SUPER_15	9746973.5	SUPER_15
9078at71240	SUPER_14	23714682.0	SUPER_14
9097at71240	SUPER_11	29276358.0	SUPER_11
9220at71240	SUPER_5	35668178.0	SUPER_5
9223at71240	SUPER_14	29873085.0	SUPER_14
9584at71240	SUPER_13	10869135.0	SUPER_14
9629at71240	SUPER_17	23279515.0	SUPER_17
9742at71240	SUPER_12	8995847.5	SUPER_12
9957at71240	SUPER_11	15608862.5	SUPER_11
10104at71240	SUPER_13	21988680.5	SUPER_13
10132at71240	SUPER_15	2354357.5	SUPER_15
10362at71240	SUPER_4	2329125.5	SUPER_4
10959at71240	SUPER_17	24590646.0	SUPER_17
11034at71240	SUPER_12	14367407.0	SUPER_12
11042at71240	SUPER_12	1177746.0	SUPER_12
11063at71240	SUPER_9	18477456.5	SUPER_9
11153at71240	SUPER_10	23684359.5	SUPER_10
11226at71240	SUPER_9	19177334.0	SUPER_9
11229at71240	SUPER_7	30776911.5	SUPER_7
11327at71240	SUPER_4	105457.0	SUPER_4
11387at71240	SUPER_8	216682.5	SUPER_8
11554at71240	SUPER_10	34175756.0	SUPER_10
11597at71240	SUPER_16	4491588.0	SUPER_16
11670at71240	SUPER_7	3602083.5	SUPER_7
11689at71240	SUPER_5	38983695.0	SUPER_5
11706at71240	SUPER_6	34357564.0	SUPER_6
11837at71240	SUPER_12	19153690.0	SUPER_12
11919at71240	SUPER_3	34236217.0	SUPER_3
12012at71240	SUPER_9	11457755.5	SUPER_9
12263at71240	SUPER_11	39961663.5	SUPER_11
12329at71240	SUPER_10	27993264.5	SUPER_10
12336at71240	SUPER_11	20882675.5	SUPER_11
12447at71240	SUPER_13	21705542.0	SUPER_13
12452at71240	SUPER_8	16422982.5	SUPER_8
12585at71240	SUPER_1	16613752.0	SUPER_1
12607at71240	SUPER_11	40296454.5	SUPER_11
12713at71240	SUPER_9	86162.5	SUPER_9
12732at71240	SUPER_5	1497577.0	SUPER_5
12736at71240	SUPER_13	7781633.0	SUPER_13
12743at71240	SUPER_12	16233210.5	SUPER_12
12770at71240	SUPER_17	29167310.5	SUPER_17
12847at71240	SUPER_9	27960219.0	SUPER_9
12855at71240	SUPER_9	30214720.0	SUPER_9
12925at71240	SUPER_4	7600491.0	SUPER_4
13125at71240	SUPER_7	5764148.5	SUPER_7
13180at71240	SUPER_7	32750395.5	SUPER_7
13273at71240	SUPER_16	27375162.0	SUPER_7
13384at71240	SUPER_5	27636033.0	SUPER_5
13429at71240	SUPER_17	12162668.0	SUPER_17
13473at71240	SUPER_17	25109912.5	SUPER_17
13637at71240	SUPER_16	25987680.0	SUPER_16
13833at71240	SUPER_9	301221.0	SUPER_9
13836at71240	SUPER_1	14810388.0	SUPER_1
13917at71240	SUPER_8	5148348.0	SUPER_8
14071at71240	SUPER_7	17606693.0	SUPER_7
14304at71240	SUPER_17	28660731.0	SUPER_17
14313at71240	SUPER_5	16860896.5	SUPER_5
14368at71240	SUPER_4	18161315.0	SUPER_4
14440at71240	SUPER_15	17337850.0	SUPER_15
14514at71240	SUPER_6	31343807.5	SUPER_6
14548at71240	SUPER_16	4240473.5	SUPER_16
14634at71240	SUPER_4	3378355.5	SUPER_4
14765at71240	SUPER_1	23554279.0	SUPER_1
14779at71240	SUPER_17	2331661.5	SUPER_17
14824at71240	SUPER_11	29506937.5	SUPER_11
14878at71240	SUPER_17	5503891.0	SUPER_17
14960at71240	SUPER_9	10867153.5	SUPER_9
14973at71240	SUPER_10	24709166.0	SUPER_10
14981at71240	SUPER_6	31348101.5	SUPER_6
15060at71240	SUPER_5	35948887.0	SUPER_5
15114at71240	SUPER_8	18294542.5	SUPER_8
15157at71240	SUPER_1	16378698.0	SUPER_1
15178at71240	SUPER_7	29372068.0	SUPER_7
15312at71240	SUPER_2	37236513.5	SUPER_2
15422at71240	SUPER_12	451869.0	SUPER_12
15457at71240	SUPER_17	90580.5	SUPER_17
15531at71240	SUPER_6	5535260.5	SUPER_6
15546at71240	SUPER_15	13355253.0	SUPER_15
15628at71240	SUPER_9	7943827.0	SUPER_9
15940at71240	SUPER_16	36315291.0	SUPER_9
15998at71240	SUPER_6	26067876.5	SUPER_6
16099at71240	SUPER_10	11607644.5	SUPER_10
16225at71240	SUPER_10	35602791.5	SUPER_10
16294at71240	SUPER_6	2021286.0	SUPER_6
16421at71240	SUPER_10	37540103.5	SUPER_10
16511at71240	SUPER_15	30879715.0	SUPER_15
16597at71240	SUPER_5	41321994.5	SUPER_5
16664at71240	SUPER_4	337838.5	SUPER_4
16713at71240	SUPER_8	3790919.0	SUPER_8
16726at71240	SUPER_4	30221408.5	SUPER_4
16815at71240	SUPER_2	16749034.0	SUPER_2
16982at71240	SUPER_4	27465290.0	SUPER_4
17176at71240	SUPER_5	16506922.0	SUPER_5
17393at71240	SUPER_3	29059996.0	SUPER_3
17405at71240	SUPER_15	13507015.5	SUPER_15
17552at71240	SUPER_9	9863760.0	SUPER_9
17637at71240	SUPER_14	3913345.0	SUPER_14
17651at71240	SUPER_9	19152205.0	SUPER_9
17682at71240	SUPER_5	34776400.0	SUPER_5
17804at71240	SUPER_15	53855770.5	SUPER_15
18099at71240	SUPER_13	24696055.5	SUPER_13
18261at71240	SUPER_13	33374177.5	SUPER_13
18383at71240	SUPER_15	10394061.5	SUPER_15
18462at71240	SUPER_17	24227725.5	SUPER_17
18602at71240	SUPER_1	15787475.5	SUPER_1
18677at71240	SUPER_15	48760714.0	SUPER_15
18699at71240	SUPER_15	43097828.0	SUPER_15
18728at71240	SUPER_7	31640861.0	SUPER_7
18791at71240	SUPER_10	39503009.5	SUPER_10
18835at71240	SUPER_7	33750229.5	SUPER_7
19004at71240	SUPER_17	15869281.0	SUPER_17
19155at71240	SUPER_4	8397093.5	SUPER_4
19175at71240	SUPER_3	23450066.5	SUPER_3
19245at71240	SUPER_4	27668563.5	SUPER_4
19410at71240	SUPER_13	15993339.5	SUPER_13
19429at71240	SUPER_16	1578489.5	SUPER_16
19695at71240	SUPER_3	3849809.0	SUPER_3
19728at71240	SUPER_3	15797644.0	SUPER_3
19747at71240	SUPER_2	16140428.5	SUPER_2
19748at71240	SUPER_15	23933159.5	SUPER_15
19833at71240	SUPER_15	1068052.0	SUPER_15
19978at71240	SUPER_7	10560565.0	SUPER_7
20140at71240	SUPER_7	33077209.0	SUPER_7
20162at71240	SUPER_13	21196064.0	SUPER_13
20228at71240	SUPER_3	35286975.5	SUPER_3
20658at71240	SUPER_4	24692834.0	SUPER_4
20742at71240	SUPER_13	92139.0	SUPER_13
20744at71240	SUPER_12	22864688.5	SUPER_12
20830at71240	SUPER_17	2973174.5	SUPER_17
20867at71240	SUPER_7	14636861.0	SUPER_7
20948at71240	SUPER_5	42631234.0	SUPER_5
21217at71240	SUPER_13	428814.0	SUPER_13
21329at71240	SUPER_7	29648956.0	SUPER_13
21451at71240	SUPER_16	748461.0	SUPER_16
21465at71240	SUPER_1	18709037.5	SUPER_1
21622at71240	SUPER_15	21066173.0	SUPER_15
21873at71240	SUPER_10	40162717.0	SUPER_10
22149at71240	SUPER_6	32738223.0	SUPER_6
22198at71240	SUPER_9	59881.0	SUPER_9
22219at71240	SUPER_14	10976493.5	SUPER_14
22243at71240	SUPER_4	23889736.5	SUPER_4
22384at71240	SUPER_9	15327.5	SUPER_9
22511at71240	SUPER_9	18003317.0	SUPER_9
22547at71240	SUPER_13	1850752.0	SUPER_13
22621at71240	SUPER_3	1634424.0	SUPER_3
22630at71240	SUPER_8	28926207.0	SUPER_8
22632at71240	SUPER_15	6565006.5	SUPER_15
22813at71240	SUPER_6	2029454.0	SUPER_6
22844at71240	SUPER_12	32303453.0	SUPER_12
22901at71240	SUPER_16	7479828.5	SUPER_16
22952at71240	SUPER_9	16906718.0	SUPER_9
22981at71240	SUPER_1	28195550.0	SUPER_1
23032at71240	SUPER_12	3517565.5	SUPER_12
23176at71240	SUPER_11	38322731.5	SUPER_11
23194at71240	SUPER_15	10874149.0	SUPER_15
23252at71240	SUPER_10	13027943.0	SUPER_10
23397at71240	SUPER_15	4741464.0	SUPER_15
23463at71240	SUPER_12	17284142.5	SUPER_12
23535at71240	SUPER_10	17789234.5	SUPER_10
23684at71240	SUPER_14	23640692.0	SUPER_14
24184at71240	SUPER_3	23685254.0	SUPER_3
24187at71240	SUPER_5	26459538.5	SUPER_5
24266at71240	SUPER_5	22687911.5	SUPER_5
24315at71240	SUPER_13	19477118.0	SUPER_13
24544at71240	SUPER_6	33894948.0	SUPER_6
24749at71240	SUPER_4	27919660.0	SUPER_4
24817at71240	SUPER_4	26941183.0	SUPER_4
24846at71240	SUPER_2	8556256.0	SUPER_2
24918at71240	SUPER_2	16632454.5	SUPER_2
24945at71240	SUPER_8	267796.0	SUPER_8
25215at71240	SUPER_13	41978901.0	SUPER_13
25476at71240	SUPER_11	20632739.0	SUPER_11
25588at71240	SUPER_7	2769591.5	SUPER_11
25631at71240	SUPER_17	27273811.0	SUPER_17
25993at71240	SUPER_7	32412453.0	SUPER_7
26001at71240	SUPER_10	43043241.5	SUPER_10
26135at71240	SUPER_7	2894946.5	SUPER_7
26209at71240	SUPER_14	11271969.5	SUPER_14
26288at71240	SUPER_2	9733732.0	SUPER_2
26568at71240	SUPER_1	13352014.5	SUPER_1
26669at71240	SUPER_6	31649423.5	SUPER_6
26851at71240	SUPER_15	13406983.5	SUPER_15
26884at71240	SUPER_14	4228409.5	SUPER_14
27101at71240	SUPER_15	14264012.0	SUPER_15
27432at71240	SUPER_13	7794546.5	SUPER_13
27498at71240	SUPER_4	26974542.5	SUPER_4
27513at71240	SUPER_10	41409171.0	SUPER_10
27600at71240	SUPER_7	12295848.5	SUPER_7
27601at71240	SUPER_10	23231637.5	SUPER_10
27626at71240	SUPER_3	14580405.5	SUPER_3
27693at71240	SUPER_4	2110796.0	SUPER_3
27829at71240	SUPER_5	8446319.0	SUPER_5
27941at71240	SUPER_6	18628297.0	SUPER_6
28016at71240	SUPER_12	10527613.5	SUPER_12
28090at71240	SUPER_13	11404242.0	SUPER_13
28221at71240	SUPER_17	32227754.0	SUPER_17
28262at71240	SUPER_11	11895124.0	SUPER_11
28331at71240	SUPER_4	29839009.0	SUPER_4
28528at71240	SUPER_16	5055092.5	SUPER_16
28562at71240	SUPER_5	40218529.5	SUPER_5
28591at71240	SUPER_10	844946.0	SUPER_5
28620at71240	SUPER_16	688368.5	SUPER_16
28700at71240	SUPER_16	37306404.5	SUPER_16
28791at71240	SUPER_6	28943955.5	SUPER_6
28803at71240	SUPER_9	30776690.5	SUPER_9
28839at71240	SUPER_4	29857296.0	SUPER_4
28869at71240	SUPER_1	11970896.0	SUPER_1
28890at71240	SUPER_15	51758650.5	SUPER_15
28945at71240	SUPER_15	35795016.5	SUPER_15
29180at71240	SUPER_7	2348113.0	SUPER_7
29323at71240	SUPER_12	27751074.0	SUPER_12
29573at71240	SUPER_6	20287719.0	SUPER_6
29596at71240	SUPER_7	25404718.5	SUPER_7
29664at71240	SUPER_1	25806166.0	SUPER_1
29687at71240	SUPER_17	31370162.0	SUPER_17
29842at71240	SUPER_5	41903235.0	SUPER_5
29956at71240	SUPER_6	6732910.0	SUPER_6
30030at71240	SUPER_11	38849927.5	SUPER_11
30376at71240	SUPER_9	14390933.5	SUPER_9
30962at71240	SUPER_17	9418710.0	SUPER_17
31036at71240	SUPER_10	2176301.5	SUPER_10
31131at71240	SUPER_13	21851164.5	SUPER_13
31426at71240	SUPER_16	33411178.0	SUPER_16
31489at71240	SUPER_9	532645.5	SUPER_9
31519at71240	SUPER_7	34945175.5	SUPER_7
31618at71240	SUPER_17	23337482.5	SUPER_17
31660at71240	SUPER_7	7907168.0	SUPER_7
31691at71240	SUPER_4	2354052.5	SUPER_4
31772at71240	SUPER_17	15649637.5	SUPER_17
31816at71240	SUPER_16	9656490.5	SUPER_16
31971at71240	SUPER_16	10863869.5	SUPER_16
32201at71240	SUPER_16	3996025.5	SUPER_16
32276at71240	SUPER_10	12265699.5	SUPER_10
32378at71240	SUPER_14	25630486.0	SUPER_14
32385at71240	SUPER_16	30092550.0	SUPER_16
32453at71240	SUPER_13	2838967.5	SUPER_13
32508at71240	SUPER_14	2495953.5	SUPER_14
32766at71240	SUPER_4	18165462.0	SUPER_4
32790at71240	SUPER_10	12620802.0	SUPER_10
32894at71240	SUPER_7	4038101.5	SUPER_7
32909at71240	SUPER_3	26093131.0	SUPER_3
33123at71240	SUPER_6	29338384.5	SUPER_6
33163at71240	SUPER_15	20969148.5	SUPER_15
33187at71240	SUPER_1	19826453.5	SUPER_1
33442at71240	SUPER_10	42179378.5	SUPER_1
33509at71240	SUPER_16	18102346.0	SUPER_16
33716at71240	SUPER_9	20048458.0	SUPER_9
33736at71240	SUPER_8	13973542.5	SUPER_8
33923at71240	SUPER_2	6921351.0	SUPER_2
34022at71240	SUPER_12	20493342.0	SUPER_12
34031at71240	SUPER_4	4573085.0	SUPER_4
34436at71240	SUPER_9	2794786.5	SUPER_9
34491at71240	SUPER_10	34212074.5	SUPER_10
34555at71240	SUPER_13	37189656.0	SUPER_13
34798at71240	SUPER_12	30566861.5	SUPER_12
34806at71240	SUPER_11	22945907.0	SUPER_11
35234at71240	SUPER_13	3895325.0	SUPER_11
35316at71240	SUPER_3	28751855.0	SUPER_3
35448at71240	SUPER_10	807184.0	SUPER_10
35480at71240	SUPER_16	4001256.0	SUPER_16
35493at71240	SUPER_14	22613371.5	SUPER_14
35585at71240	SUPER_13	18677187.5	SUPER_13
35592at71240	SUPER_14	456940.0	SUPER_14
35634at71240	SUPER_10	7857543.5	SUPER_10
35964at71240	SUPER_13	14576165.5	SUPER_13
36003at71240	SUPER_5	9152414.5	SUPER_5
36040at71240	SUPER_7	14312058.0	SUPER_7
36159at71240	SUPER_12	14984103.0	SUPER_12
36163at71240	SUPER_1	28761572.0	SUPER_1
36224at71240	SUPER_2	5863442.5	SUPER_1
36487at71240	SUPER_7	17406883.5	SUPER_7
36717at71240	SUPER_4	4942361.0	SUPER_4
37113at71240	SUPER_6	29555857.5	SUPER_4
37139at71240	SUPER_4	23470974.0	SUPER_4
37204at71240	SUPER_9	27616835.5	SUPER_9
37236at71240	SUPER_4	26847591.0	SUPER_4
37280at71240	SUPER_16	22081829.5	SUPER_4
37323at71240	SUPER_13	26865520.5	SUPER_4
37342at71240	SUPER_3	33019866.0	SUPER_3
37422at71240	SUPER_15	5585152.0	SUPER_15
37501at71240	SUPER_10	3429808.0	SUPER_10
37513at71240	SUPER_10	5062702.0	SUPER_10
37559at71240	SUPER_15	7689444.5	SUPER_15
37660at71240	SUPER_4	26618018.0	SUPER_4
37833at71240	SUPER_8	11360021.5	SUPER_8
37835at71240	SUPER_5	12570022.0	SUPER_5
38211at71240	SUPER_9	6512954.5	SUPER_9
38310at71240	SUPER_5	16892394.0	SUPER_5
38328at71240	SUPER_1	27873303.0	SUPER_1
38418at71240	SUPER_10	34679409.5	SUPER_10
38443at71240	SUPER_15	10088299.0	SUPER_15
38450at71240	SUPER_6	28927219.5	SUPER_6
38480at71240	SUPER_11	13580519.5	SUPER_11
38512at71240	SUPER_2	928068.5	SUPER_2
38589at71240	SUPER_11	6271456.0	SUPER_11
38600at71240	SUPER_15	33323793.0	SUPER_15
38938at71240	SUPER_16	30476550.0	SUPER_16
39004at71240	SUPER_9	1680974.5	SUPER_9
39222at71240	SUPER_11	9032392.0	SUPER_11
39432at71240	SUPER_11	28944551.0	SUPER_11
39483at71240	SUPER_17	6833200.0	SUPER_17
39544at71240	SUPER_9	1701246.0	SUPER_9
39559at71240	SUPER_5	37453982.0	SUPER_5
39591at71240	SUPER_13	4448627.0	SUPER_5
39696at71240	SUPER_2	19060343.5	SUPER_2
39942at71240	SUPER_17	11309239.5	SUPER_17
40124at71240	SUPER_11	28292337.5	SUPER_17
40373at71240	SUPER_5	6405787.5	SUPER_5
40388at71240	SUPER_14	23921841.0	SUPER_5
40417at71240	SUPER_3	13708412.5	SUPER_3
40648at71240	SUPER_16	1615469.0	SUPER_16
40667at71240	SUPER_10	11549214.0	SUPER_10
40675at71240	SUPER_5	20372475.0	SUPER_5
40769at71240	SUPER_10	538732.0	SUPER_10
40858at71240	SUPER_12	4957201.5	SUPER_12
40868at71240	SUPER_14	24577833.5	SUPER_14
40951at71240	SUPER_9	35000503.5	SUPER_9
40995at71240	SUPER_13	11381031.0	SUPER_13
41267at71240	SUPER_1	16697527.0	SUPER_1
41427at71240	SUPER_5	24466375.0	SUPER_5
41443at71240	SUPER_15	23843524.0	SUPER_15
41605at71240	SUPER_13	16396213.0	SUPER_13
41635at71240	SUPER_3	776923.0	SUPER_3
41693at71240	SUPER_13	8268151.0	SUPER_13
41797at71240	SUPER_7	2763693.0	SUPER_7
41803at71240	SUPER_2	32921090.5	SUPER_2
41819at71240	SUPER_2	32834848.0	SUPER_2
41944at71240	SUPER_7	34405040.5	SUPER_1
41984at71240	SUPER_5	32292100.5	SUPER_5
42306at71240	SUPER_9	4229142.5	SUPER_9
42397at71240	SUPER_13	33340171.5	SUPER_13
42402at71240	SUPER_2	7076170.5	SUPER_2
42509at71240	SUPER_16	14657801.0	SUPER_16
43003at71240	SUPER_10	39167146.5	SUPER_10
43158at71240	SUPER_13	8445029.5	SUPER_13
43180at71240	SUPER_17	24560298.5	SUPER_17
43276at71240	SUPER_12	9981008.5	SUPER_12
43303at71240	SUPER_12	7643267.5	SUPER_12
43387at71240	SUPER_1	14833017.0	SUPER_1
43435at71240	SUPER_5	46610665.5	SUPER_5
43504at71240	SUPER_17	32310349.0	SUPER_17
43654at71240	SUPER_4	24552184.0	SUPER_4
43702at71240	SUPER_10	27386181.5	SUPER_10
43815at71240	SUPER_2	16682674.5	SUPER_2
43911at71240	SUPER_8:3725935-5032034	5030272.5	SUPER_2
44231at71240	SUPER_17	12058371.5	SUPER_2
44241at71240	SUPER_11	16042870.5	SUPER_11
44596at71240	SUPER_15	14743469.0	SUPER_15
44616at71240	SUPER_8	29905860.5	SUPER_8
44670at71240	SUPER_9	13949165.0	SUPER_9
44841at71240	SUPER_12	9863303.0	SUPER_12
44897at71240	SUPER_9	8804123.0	SUPER_9
44990at71240	SUPER_15	19728473.0	SUPER_15
45170at71240	SUPER_10	29105610.0	SUPER_10
45586at71240	SUPER_3	2184909.5	SUPER_3
45587at71240	SUPER_5	18829408.5	SUPER_5
45877at71240	SUPER_10	29191978.5	SUPER_10
45913at71240	SUPER_15	42564220.0	SUPER_15
46263at71240	SUPER_5	19722243.0	SUPER_5
46384at71240	SUPER_3	30827175.0	SUPER_3
46397at71240	SUPER_3	21480750.0	SUPER_3
46711at71240	SUPER_10	25467098.0	SUPER_10
46995at71240	SUPER_1	25166744.5	SUPER_1
47105at71240	SUPER_9	8352318.5	SUPER_9
47260at71240	SUPER_11	14648966.0	SUPER_11
47314at71240	SUPER_3	20631101.0	SUPER_3
47646at71240	SUPER_4	1781906.5	SUPER_4
47962at71240	SUPER_5	36321075.0	SUPER_5
47967at71240	SUPER_9	5192731.5	SUPER_9
47990at71240	SUPER_12	4834789.0	SUPER_12
48059at71240	SUPER_17	26679819.0	SUPER_17
48277at71240	SUPER_12	15582464.5	SUPER_12
48367at71240	SUPER_11	7812462.5	SUPER_11
48431at71240	SUPER_11	1408243.0	SUPER_11
48459at71240	SUPER_12	31832184.5	SUPER_12
48585at71240	SUPER_10	33638311.5	SUPER_10
48591at71240	SUPER_17	28615250.0	SUPER_17
48628at71240	SUPER_8	29707209.0	SUPER_8
48817at71240	SUPER_15	14664625.5	SUPER_15
48937at71240	SUPER_9	3472645.0	SUPER_9
48980at71240	SUPER_15	23104579.0	SUPER_15
49152at71240	SUPER_10	34169504.5	SUPER_10
49526at71240	SUPER_3	27582094.0	SUPER_3
49613at71240	SUPER_14	23722054.5	SUPER_14
49772at71240	SUPER_11	6244297.5	SUPER_11
49837at71240	SUPER_2	6246561.5	SUPER_2
49890at71240	SUPER_4	10897774.5	SUPER_4
49990at71240	SUPER_11	33608190.0	SUPER_11
50002at71240	SUPER_17	28487280.0	SUPER_17
50041at71240	SUPER_17	4117435.0	SUPER_17
50114at71240	SUPER_9	774392.0	SUPER_9
50117at71240	SUPER_17	25002350.5	SUPER_17
50134at71240	SUPER_9	27461190.0	SUPER_9
50334at71240	SUPER_6	542544.0	SUPER_6
50420at71240	SUPER_7	3556863.5	SUPER_7
50477at71240	SUPER_15	16451475.5	SUPER_15
50524at71240	SUPER_8	24043696.5	SUPER_8
50744at71240	SUPER_4	30251806.0	SUPER_4
50811at71240	SUPER_10	11718894.5	SUPER_10
51117at71240	SUPER_15	9157959.0	SUPER_15
51354at71240	SUPER_14	30333095.0	SUPER_14
51378at71240	SUPER_8	455970.0	SUPER_8
51868at71240	SUPER_6	19960330.5	SUPER_6
52297at71240	SUPER_17	934349.0	SUPER_17
52312at71240	SUPER_2	4848520.5	SUPER_2
52681at71240	SUPER_5	40447940.0	SUPER_5
52721at71240	SUPER_15	9428214.5	SUPER_15
52731at71240	SUPER_2	19046200.0	SUPER_2
52880at71240	SUPER_6	3109407.5	SUPER_6
52915at71240	SUPER_14	24862917.0	SUPER_14
53046at71240	SUPER_17	5776466.5	SUPER_17
53096at71240	SUPER_14	29900357.0	SUPER_14
53268at71240	SUPER_3	10412361.5	SUPER_3
53287at71240	SUPER_4	714065.0	SUPER_4
53482at71240	SUPER_15	52223228.0	SUPER_15
54245at71240	SUPER_16	7168754.5	SUPER_16
54565at71240	SUPER_10	34333795.0	SUPER_10
54788at71240	SUPER_15	47952244.0	SUPER_15
54860at71240	SUPER_7	31375255.0	SUPER_7
55050at71240	SUPER_15	10514506.5	SUPER_15
55127at71240	SUPER_9	5197171.0	SUPER_9
55281at71240	SUPER_17	20235962.5	SUPER_17
55601at71240	SUPER_8	4593368.0	SUPER_8
55631at71240	SUPER_17	27288301.5	SUPER_17
55641at71240	SUPER_7	33855009.5	SUPER_7
55661at71240	SUPER_17	32315816.0	SUPER_17
55753at71240	SUPER_4	29398563.0	SUPER_4
55845at71240	SUPER_13	6666098.0	SUPER_13
55986at71240	SUPER_16	970705.0	SUPER_16
56080at71240	SUPER_1	15548369.5	SUPER_1
56188at71240	SUPER_3	9000844.5	SUPER_3
56357at71240	SUPER_7	12227616.5	SUPER_7
56407at71240	SUPER_13	3836608.5	SUPER_13
56666at71240	SUPER_3	35871371.0	SUPER_3
56709at71240	SUPER_6	26084464.0	SUPER_6
56886at71240	SUPER_2	4020815.0	SUPER_2
56887at71240	SUPER_7	18417933.5	SUPER_7
57411at71240	SUPER_15	26577071.5	SUPER_15
57437at71240	SUPER_14	29185367.5	SUPER_14
57497at71240	SUPER_17	27246449.5	SUPER_17
57519at71240	SUPER_4	7324299.0	SUPER_4
57561at71240	SUPER_3	31457116.5	SUPER_3
57567at71240	SUPER_2	10207943.5	SUPER_2
57716at71240	SUPER_2	28158257.0	SUPER_2
58022at71240	SUPER_2	18436401.5	SUPER_2
58077at71240	SUPER_15	10067129.0	SUPER_2
58363at71240	SUPER_10	20312929.5	SUPER_10
58449at71240	SUPER_9	17225116.0	SUPER_9
58670at71240	SUPER_6	2659183.0	SUPER_9
58755at71240	SUPER_17	10196682.0	SUPER_17
58939at71240	SUPER_17	3022289.0	SUPER_17
59001at71240	SUPER_17	25958961.5	SUPER_17
59013at71240	SUPER_15	22297036.5	SUPER_15
59074at71240	SUPER_6	31433514.0	SUPER_6
59173at71240	SUPER_14	27682510.0	SUPER_6
59187at71240	SUPER_13	31824080.0	SUPER_13
59201at71240	SUPER_4	4565446.5	SUPER_4
59224at71240	SUPER_6	32288649.5	SUPER_4
59362at71240	SUPER_13	175882.0	SUPER_13
59377at71240	SUPER_4	4717725.0	SUPER_4
59515at71240	SUPER_12	2900607.5	SUPER_12
59520at71240	SUPER_5	41306444.5	SUPER_5
59755at71240	SUPER_15	1323301.0	SUPER_15
60160at71240	SUPER_15	3879695.0	SUPER_15
60277at71240	SUPER_13	21259022.5	SUPER_13
60385at71240	SUPER_13	10117777.0	SUPER_13
60492at71240	SUPER_17	33687542.5	SUPER_17
60619at71240	SUPER_15	35324391.0	SUPER_15
60635at71240	SUPER_3	12112612.0	SUPER_3
60918at71240	SUPER_11	2353772.0	SUPER_11
61135at71240	SUPER_6	23855926.5	SUPER_6
61357at71240	SUPER_15	51587909.0	SUPER_15
61608at71240	SUPER_15	10856133.0	SUPER_15
61902at71240	SUPER_5	32348926.0	SUPER_5
62022at71240	SUPER_5	10726818.5	SUPER_5
62509at71240	SUPER_4	3556128.0	SUPER_4
62565at71240	SUPER_10	11953671.5	SUPER_10
62620at71240	SUPER_11	27504768.5	SUPER_11
62739at71240	SUPER_11	12901618.5	SUPER_11
62741at71240	SUPER_4	4750409.0	SUPER_4
62825at71240	SUPER_12	27427103.0	SUPER_12
62923at71240	SUPER_12	868163.5	SUPER_12
62949at71240	SUPER_14	12970435.0	SUPER_14
63147at71240	SUPER_10	8468980.5	SUPER_10
63265at71240	SUPER_9	27195061.5	SUPER_9
63334at71240	SUPER_11	34838063.5	SUPER_11
63369at71240	SUPER_15	21050366.0	SUPER_15
63750at71240	SUPER_5	46054738.5	SUPER_5
63752at71240	SUPER_2	12497851.0	SUPER_2
64004at71240	SUPER_5	42836920.0	SUPER_5
64099at71240	SUPER_2	18980726.5	SUPER_2
64247at71240	SUPER_9	2854558.0	SUPER_9
64536at71240	SUPER_12	25045674.5	SUPER_12
64680at71240	SUPER_5	39914117.5	SUPER_12
64785at71240	SUPER_7	30527790.0	SUPER_7
65315at71240	SUPER_15	21705627.5	SUPER_15
65356at71240	SUPER_15	777953.0	SUPER_15
65385at71240	SUPER_10	38604081.0	SUPER_10
65474at71240	SUPER_4	30858420.5	SUPER_4
65502at71240	SUPER_16	38330122.5	SUPER_16
65510at71240	SUPER_9	7249975.5	SUPER_9
65567at71240	SUPER_17	26671592.5	SUPER_17
65615at71240	SUPER_16	15297284.5	SUPER_16
65758at71240	SUPER_14	30108750.0	SUPER_14
65780at71240	SUPER_12	7025497.0	SUPER_12
65816at71240	SUPER_6	29274820.0	SUPER_6
65952at71240	SUPER_14	16472252.5	SUPER_14
65978at71240	SUPER_17	27639053.5	SUPER_17
66041at71240	SUPER_13	17373523.0	SUPER_13
66230at71240	SUPER_13	8382502.0	SUPER_13
66255at71240	SUPER_5	41240693.0	SUPER_5
66426at71240	SUPER_10	27932904.5	SUPER_10
66572at71240	SUPER_7	7685789.5	SUPER_7
66590at71240	SUPER_16	13787536.5	SUPER_16
66601at71240	SUPER_7	24227696.5	SUPER_7
67069at71240	SUPER_12	19374291.5	SUPER_12
67491at71240	SUPER_14	12611338.0	SUPER_14
67615at71240	SUPER_8	70935.5	SUPER_8
67666at71240	SUPER_14	4984919.5	SUPER_14
67730at71240	SUPER_3	30280085.5	SUPER_14
67774at71240	SUPER_4	24784453.5	SUPER_4
67815at71240	SUPER_9	13326257.0	SUPER_9
67902at71240	SUPER_4	28101950.5	SUPER_9
67911at71240	SUPER_4	23788885.5	SUPER_9
68088at71240	SUPER_4	27623993.5	SUPER_4
68148at71240	SUPER_3	4452444.0	SUPER_3
68243at71240	SUPER_8	28931612.0	SUPER_8
68253at71240	SUPER_15	46291288.5	SUPER_8
68407at71240	SUPER_12	14176656.5	SUPER_12
68576at71240	SUPER_15	4633986.0	SUPER_15
68663at71240	SUPER_15	9774039.5	SUPER_15
68673at71240	SUPER_11	20738151.0	SUPER_11
68711at71240	SUPER_15	9097081.5	SUPER_15
68768at71240	SUPER_12	27692240.0	SUPER_15
68776at71240	SUPER_9	8813097.5	SUPER_9
69068at71240	SUPER_17	4540102.5	SUPER_17
69087at71240	SUPER_11	13312093.0	SUPER_11
69527at71240	SUPER_17	1339705.0	SUPER_11
69581at71240	SUPER_15	10388520.5	SUPER_15
69610at71240	SUPER_12	20119102.0	SUPER_12
69687at71240	SUPER_9	3278977.5	SUPER_9
69753at71240	SUPER_5	34091905.5	SUPER_5
69849at71240	SUPER_2	3266480.0	SUPER_2
69892at71240	SUPER_7	34490910.5	SUPER_7
70034at71240	SUPER_1	4897432.0	SUPER_1
70035at71240	SUPER_15	21242033.5	SUPER_15
70155at71240	SUPER_12	22737836.0	SUPER_12
70334at71240	SUPER_12	27582246.0	SUPER_12
70346at71240	SUPER_13	18169359.5	SUPER_13
70364at71240	SUPER_11	5063089.0	SUPER_11
70527at71240	SUPER_9	8794578.0	SUPER_9
70727at71240	SUPER_15	3655600.5	SUPER_15
70758at71240	SUPER_13	6296771.5	SUPER_13
70803at71240	SUPER_14	3046894.0	SUPER_14
71049at71240	SUPER_3	31165980.5	SUPER_3
71219at71240	SUPER_9	33135385.0	SUPER_9
71546at71240	SUPER_13	2965234.5	SUPER_13
71548at71240	SUPER_1	2564400.5	SUPER_1
71578at71240	SUPER_3	13929110.0	SUPER_3
71626at71240	SUPER_15	36485336.5	SUPER_3
71728at71240	SUPER_2	8936431.0	SUPER_2
72043at71240	SUPER_1	29837689.0	SUPER_1
72363at71240	SUPER_5	23862149.0	SUPER_5
72406at71240	SUPER_15	39904943.5	SUPER_15
72494at71240	SUPER_15	410077.5	SUPER_15
72527at71240	SUPER_9	11255616.0	SUPER_9
72617at71240	SUPER_5	5579499.5	SUPER_5
72635at71240	SUPER_17	10473697.5	SUPER_17
73945at71240	SUPER_10	33402689.0	SUPER_10
74458at71240	SUPER_17	9834732.5	SUPER_17
74501at71240	SUPER_15	8501379.0	SUPER_15
74515at71240	SUPER_8	3413257.5	SUPER_8
74578at71240	SUPER_9	8157757.0	SUPER_9
74579at71240	SUPER_15	3716805.5	SUPER_15
74810at71240	SUPER_1	26981476.0	SUPER_1
74854at71240	SUPER_5	25231545.5	SUPER_5
74945at71240	SUPER_12	14348628.5	SUPER_12
75108at71240	SUPER_14	16522252.5	SUPER_14
75124at71240	SUPER_4	4193350.5	SUPER_4
75354at71240	SUPER_5	6320914.5	SUPER_5
75421at71240	SUPER_7	11365246.0	SUPER_7
75656at71240	SUPER_5	42769058.0	SUPER_5
75681at71240	SUPER_7	2022573.5	SUPER_7
75802at71240	SUPER_3	29225622.5	SUPER_3
75984at71240	SUPER_6	8310947.5	SUPER_6
76016at71240	SUPER_12	22721980.5	SUPER_12
76037at71240	SUPER_9	34995690.5	SUPER_9
76106at71240	SUPER_1	1489091.0	SUPER_1
76289at71240	SUPER_14	30272143.5	SUPER_14
76317at71240	SUPER_16	21859934.0	SUPER_16
76638at71240	SUPER_16	6215542.5	SUPER_16
76918at71240	SUPER_2	19905559.5	SUPER_2
77147at71240	SUPER_12	203338.5	SUPER_12
77148at71240	SUPER_10	32918087.0	SUPER_10
77176at71240	SUPER_15	40045242.5	SUPER_15
77310at71240	SUPER_16	5599711.0	SUPER_16
77388at71240	SUPER_12	8343486.0	SUPER_12
77432at71240	SUPER_16	4029140.5	SUPER_16
77458at71240	SUPER_8	29568717.5	SUPER_16
78101at71240	SUPER_5	8495112.0	SUPER_5
78123at71240	SUPER_10	7362855.5	SUPER_10
78140at71240	SUPER_8	1637317.5	SUPER_8
78210at71240	SUPER_15	51280625.5	SUPER_15
78329at71240	SUPER_3	35633328.0	SUPER_3
78613at71240	SUPER_11	25194420.5	SUPER_11
79006at71240	SUPER_14	18601017.5	SUPER_14
79333at71240	SUPER_15	2080995.0	SUPER_15
79492at71240	SUPER_13	12852086.0	SUPER_13
79499at71240	SUPER_15	48844536.0	SUPER_15
79523at71240	SUPER_4	60495.5	SUPER_4
79747at71240	SUPER_16	2207682.0	SUPER_16
79897at71240	SUPER_13	24287071.5	SUPER_13
80028at71240	SUPER_4	7608714.0	SUPER_4
80033at71240	SUPER_4	3849599.0	SUPER_4
80207at71240	SUPER_17	32678884.5	SUPER_17
80521at71240	SUPER_12	29594069.5	SUPER_12
80746at71240	SUPER_4	7633268.5	SUPER_4
80977at71240	SUPER_17	1411799.0	SUPER_17
81777at71240	SUPER_4	3906721.0	SUPER_4
81969at71240	SUPER_2	26897191.0	SUPER_4
82174at71240	SUPER_4	29900367.5	SUPER_4
82176at71240	SUPER_13	5014632.5	SUPER_13
82200at71240	SUPER_13	31934255.0	SUPER_13
82479at71240	SUPER_10	5971253.5	SUPER_10
82882at71240	SUPER_7	34711404.5	SUPER_7
83080at71240	SUPER_10	6722614.5	SUPER_7
83256at71240	SUPER_11	38718487.5	SUPER_11
83371at71240	SUPER_10	21156583.0	SUPER_10
83442at71240	SUPER_11	30683142.5	SUPER_11
83475at71240	SUPER_3	1597019.0	SUPER_3
83583at71240	SUPER_2	36689615.5	SUPER_2
83646at71240	SUPER_13	26328527.5	SUPER_13
83699at71240	SUPER_2	9218764.0	SUPER_13
83745at71240	SUPER_12	20731205.5	SUPER_12
83930at71240	SUPER_8	2001253.5	SUPER_8
83990at71240	SUPER_3	35584197.5	SUPER_3
83991at71240	SUPER_4	22745487.5	SUPER_4
84074at71240	SUPER_3	15080805.0	SUPER_3
84379at71240	SUPER_6	34881541.0	SUPER_6
84412at71240	SUPER_8	6863195.5	SUPER_8
84447at71240	SUPER_5	24483004.0	SUPER_5
84479at71240	SUPER_14	22578377.0	SUPER_14
84515at71240	SUPER_15	37278337.0	SUPER_15
84628at71240	SUPER_7	34607407.5	SUPER_7
84631at71240	SUPER_14	23884157.0	SUPER_14
84773at71240	SUPER_3	17523540.0	SUPER_3
84814at71240	SUPER_8	1337967.0	SUPER_8
84834at71240	SUPER_12	5299693.0	SUPER_8
84835at71240	SUPER_13	22078225.5	SUPER_13
84842at71240	SUPER_4	5290861.5	SUPER_4
84973at71240	SUPER_10	31769071.5	SUPER_4
84976at71240	SUPER_4	29824317.5	SUPER_4
85071at71240	SUPER_7	35447051.0	SUPER_7
85405at71240	SUPER_9	3108572.0	SUPER_9
85409at71240	SUPER_17	26190491.5	SUPER_17
85776at71240	SUPER_7	30305443.5	SUPER_7
85941at71240	SUPER_15	19718247.0	SUPER_15
85967at71240	SUPER_13	224754.0	SUPER_13
86025at71240	SUPER_15	13795376.0	SUPER_15
86035at71240	SUPER_17	32083580.0	SUPER_17
86338at71240	SUPER_17	32708495.5	SUPER_17
86440at71240	SUPER_7	25501452.5	SUPER_7
86443at71240	SUPER_4	29845971.5	SUPER_12
86792at71240	SUPER_15	49145516.5	SUPER_15
86802at71240	SUPER_2	4031515.0	SUPER_2
86991at71240	SUPER_3	20658165.5	SUPER_3
87158at71240	SUPER_11	4697345.0	SUPER_11
87253at71240	SUPER_6	1634527.0	SUPER_6
87327at71240	SUPER_10	17833231.5	SUPER_10
87424at71240	SUPER_11	1277611.5	SUPER_11
87644at71240	SUPER_7	24353992.5	SUPER_7
87734at71240	SUPER_16	4068161.0	SUPER_16
87753at71240	SUPER_9	32243680.5	SUPER_9
87991at71240	SUPER_6	1442372.5	SUPER_6
88063at71240	SUPER_10	22448901.5	SUPER_10
88107at71240	SUPER_10	6463025.5	SUPER_10
88274at71240	SUPER_10	5886717.0	SUPER_10
88333at71240	SUPER_6	3950745.5	SUPER_6
88382at71240	SUPER_17	371581.5	SUPER_17
88942at71240	SUPER_11	38705726.0	SUPER_11
89036at71240	SUPER_2	17871441.0	SUPER_2
89090at71240	SUPER_16	21447751.5	SUPER_16
89395at71240	SUPER_16	15226896.0	SUPER_16
89466at71240	SUPER_10	38486034.0	SUPER_10
89502at71240	SUPER_4	8328230.5	SUPER_4
89573at71240	SUPER_5	33565744.5	SUPER_4
89748at71240	SUPER_5	19215157.5	SUPER_5
90067at71240	SUPER_13	14219137.5	SUPER_13
90076at71240	SUPER_10	41617383.5	SUPER_10
90124at71240	SUPER_5	4036384.5	SUPER_5
90287at71240	SUPER_12	14167022.0	SUPER_12
90540at71240	SUPER_1	13831876.5	SUPER_1
90586at71240	SUPER_11	41297454.0	SUPER_11
90601at71240	SUPER_4	4128603.5	SUPER_4
90800at71240	SUPER_4	434375.0	SUPER_4
90826at71240	SUPER_17	10099615.5	SUPER_17
90893at71240	SUPER_13	7211647.0	SUPER_13
90997at71240	SUPER_5	35725138.5	SUPER_5
91118at71240	SUPER_3	35471026.5	SUPER_3
91264at71240	SUPER_16	33368779.5	SUPER_16
91316at71240	SUPER_17	28618576.5	SUPER_17
91349at71240	SUPER_10	39975597.5	SUPER_10
91524at71240	SUPER_6	3327289.5	SUPER_6
91526at71240	SUPER_11	32838302.0	SUPER_11
91582at71240	SUPER_15	3340239.5	SUPER_15
91679at71240	SUPER_6	2625486.0	SUPER_6
91938at71240	SUPER_11	546947.0	SUPER_11
91944at71240	SUPER_16	4134434.5	SUPER_16
92048at71240	SUPER_4	6695822.5	SUPER_4
92053at71240	SUPER_4	2863339.5	SUPER_4
92095at71240	SUPER_3	28483261.5	SUPER_3
92337at71240	SUPER_15	45380543.0	SUPER_15
92573at71240	SUPER_2	3131933.5	SUPER_2
92743at71240	SUPER_7	403818.5	SUPER_7
92777at71240	SUPER_8	88282.5	SUPER_8
92810at71240	SUPER_17	29084437.5	SUPER_17
92854at71240	SUPER_12	4315501.5	SUPER_17
92897at71240	SUPER_16	37546497.5	SUPER_16
93136at71240	SUPER_14	5611803.5	SUPER_16
93297at71240	SUPER_7	28686045.5	SUPER_7
93535at71240	SUPER_15	40800865.0	SUPER_15
93559at71240	SUPER_10	33885228.5	SUPER_10
93760at71240	SUPER_7	32693551.5	SUPER_7
93802at71240	SUPER_11	31531009.5	SUPER_11
93831at71240	SUPER_15	6748775.0	SUPER_15
93922at71240	SUPER_9	31450935.0	SUPER_9
94011at71240	SUPER_13	8198781.0	SUPER_13
94224at71240	SUPER_1	3253991.0	SUPER_1
94553at71240	SUPER_15	52393628.5	SUPER_15
94559at71240	SUPER_16	29711764.5	SUPER_16
94614at71240	SUPER_8	20743089.0	SUPER_8
94885at71240	SUPER_9	28690436.5	SUPER_9
95118at71240	SUPER_14	28087758.5	SUPER_14
95429at71240	SUPER_6	289861.0	SUPER_6
95643at71240	SUPER_6	33595779.5	SUPER_6
95645at71240	SUPER_11	29631311.5	SUPER_11
95671at71240	SUPER_8	20658719.0	SUPER_8
96116at71240	SUPER_12	30999636.5	SUPER_12
96117at71240	SUPER_9	16865230.5	SUPER_9
96242at71240	SUPER_1	20325181.5	SUPER_1
96280at71240	SUPER_14	3582215.0	SUPER_14
96350at71240	SUPER_9	31430004.0	SUPER_9
96416at71240	SUPER_4	1248454.5	SUPER_4
96635at71240	SUPER_16	1049407.0	SUPER_16
96666at71240	SUPER_13	9816881.0	SUPER_13
96736at71240	SUPER_8	3132064.0	SUPER_8
97035at71240	SUPER_4	1244105.5	SUPER_4
97047at71240	SUPER_7	33096161.5	SUPER_7
97379at71240	SUPER_6	10862173.0	SUPER_6
97397at71240	SUPER_10	33892282.0	SUPER_10
97407at71240	SUPER_11	24861264.5	SUPER_11
97443at71240	SUPER_2	896256.5	SUPER_2
97772at71240	SUPER_16	488045.0	SUPER_16
97820at71240	SUPER_5	24472297.5	SUPER_5
98053at71240	SUPER_7	18106873.0	SUPER_7
98126at71240	SUPER_3	9932109.5	SUPER_3
98136at71240	SUPER_16	8474633.0	SUPER_16
98148at71240	SUPER_7	30294439.5	SUPER_7
98387at71240	SUPER_5	1504747.0	SUPER_5
98635at71240	SUPER_9	12576204.5	SUPER_9
98927at71240	SUPER_8	30290846.5	SUPER_8
99040at71240	SUPER_11	29873197.0	SUPER_11
99284at71240	SUPER_2	35007023.5	SUPER_2
99322at71240	SUPER_10	4297221.5	SUPER_10
99435at71240	SUPER_1	716444.5	SUPER_1
99646at71240	SUPER_3	4478379.5	SUPER_3
99693at71240	SUPER_12	5608021.0	SUPER_12
100069at71240	SUPER_7	13538912.5	SUPER_7
100163at71240	SUPER_10	40084518.0	SUPER_10
100319at71240	SUPER_15	52500996.5	SUPER_15
100320at71240	SUPER_4	2365745.5	SUPER_4
100498at71240	SUPER_7	32560314.0	SUPER_7
100703at71240	SUPER_13	4228835.0	SUPER_13
100803at71240	SUPER_11	34783555.5	SUPER_11
100993at71240	SUPER_15	7531279.0	SUPER_15
101189at71240	SUPER_9	4552859.5	SUPER_9
101210at71240	SUPER_5	7696851.0	SUPER_5
101397at71240	SUPER_6	300580.5	SUPER_6
101557at71240	SUPER_11	24063768.5	SUPER_11
101759at71240	SUPER_3	5098909.5	SUPER_3
101787at71240	SUPER_3	2999121.5	SUPER_3
101793at71240	SUPER_5	40424382.0	SUPER_5
101930at71240	SUPER_10	8524862.5	SUPER_10
101979at71240	SUPER_9	2687272.5	SUPER_9
102083at71240	SUPER_1	6731041.0	SUPER_9
102169at71240	SUPER_2	31703091.5	SUPER_2
102296at71240	SUPER_6	24442613.5	SUPER_6
102324at71240	SUPER_2	31803163.5	SUPER_2
102455at71240	SUPER_7	18120764.0	SUPER_7
102474at71240	SUPER_1	19035184.5	SUPER_1
102513at71240	SUPER_9	11054754.0	SUPER_9
102816at71240	SUPER_10	28913005.0	SUPER_10
102894at71240	SUPER_15	51566824.5	SUPER_15
103215at71240	SUPER_15	11004833.5	SUPER_15
103322at71240	SUPER_8	3929324.0	SUPER_8
103368at71240	SUPER_11	10541750.5	SUPER_11
103381at71240	SUPER_7	27271350.0	SUPER_7
103382at71240	SUPER_6	29445391.0	SUPER_6
103782at71240	SUPER_7	19805147.5	SUPER_6
103801at71240	SUPER_17	4490219.5	SUPER_17
104194at71240	SUPER_11	2068305.0	SUPER_11
104482at71240	SUPER_2	14916722.5	SUPER_2
104652at71240	SUPER_3	33570214.5	SUPER_3
104670at71240	SUPER_11	28168703.0	SUPER_3
104876at71240	SUPER_13	4161503.5	SUPER_16
104912at71240	SUPER_4	28151569.5	SUPER_4
104974at71240	SUPER_17	5786890.5	SUPER_17
105101at71240	SUPER_6	1988983.5	SUPER_6
105234at71240	SUPER_7	8413025.0	SUPER_7
105246at71240	SUPER_2	30912994.5	SUPER_2
105274at71240	SUPER_4	13345491.5	SUPER_4
105363at71240	SUPER_11	10017236.5	SUPER_11
105398at71240	SUPER_17	9278542.5	SUPER_17
105445at71240	SUPER_5	39746082.0	SUPER_5
105453at71240	SUPER_7	26171078.5	SUPER_7
105996at71240	SUPER_7	18095962.5	SUPER_7
106145at71240	SUPER_11	4652813.5	SUPER_7
106267at71240	SUPER_12	24507556.0	SUPER_12
106602at71240	SUPER_5	33041238.5	SUPER_5
106913at71240	SUPER_4	6826140.0	SUPER_4
106998at71240	SUPER_14	24830573.0	SUPER_14
107055at71240	SUPER_7	4665471.0	SUPER_7
107143at71240	SUPER_3	7490829.5	SUPER_3
107166at71240	SUPER_5	45406451.0	SUPER_5
107272at71240	SUPER_10	26234922.5	SUPER_10
107350at71240	SUPER_16	2981965.5	SUPER_16
107481at71240	SUPER_1	23266132.5	SUPER_1
107494at71240	SUPER_11	41338411.5	SUPER_11
107496at71240	SUPER_6	34399500.0	SUPER_11
107498at71240	SUPER_6	29113282.0	SUPER_6
107532at71240	SUPER_1	18691416.5	SUPER_1
107672at71240	SUPER_15	15916445.0	SUPER_15
107885at71240	SUPER_10	34511059.5	SUPER_10
107927at71240	SUPER_16	12394864.0	SUPER_16
107990at71240	SUPER_7	33350139.5	SUPER_7
108038at71240	SUPER_17	23589593.5	SUPER_17
108194at71240	SUPER_2	18171017.0	SUPER_2
108228at71240	SUPER_11	37364343.5	SUPER_11
108259at71240	SUPER_9	31156661.0	SUPER_9
108345at71240	SUPER_13	11132282.5	SUPER_13
108435at71240	SUPER_14	27665720.0	SUPER_14
108524at71240	SUPER_11	25060564.5	SUPER_14
108582at71240	SUPER_12	8679569.0	SUPER_12
108717at71240	SUPER_1	13423777.5	SUPER_1
108918at71240	SUPER_6	34049784.5	SUPER_6
109073at71240	SUPER_8	2408552.5	SUPER_8
109254at71240	SUPER_11	13211158.0	SUPER_11
109614at71240	SUPER_15	32669155.0	SUPER_15
109691at71240	SUPER_12	17556078.0	SUPER_12
109692at71240	SUPER_15	20204336.0	SUPER_15
109983at71240	SUPER_10	9887445.0	SUPER_10
110007at71240	SUPER_8	7492708.5	SUPER_8
110127at71240	SUPER_10	29815551.0	SUPER_10
110230at71240	SUPER_10	7201900.0	SUPER_10
110265at71240	SUPER_8	526537.0	SUPER_8
110279at71240	SUPER_16	4488632.5	SUPER_16
110321at71240	SUPER_15	52897724.5	SUPER_15
110432at71240	SUPER_1	25120446.5	SUPER_1
110468at71240	SUPER_10	40815243.5	SUPER_10
110475at71240	SUPER_10	35197168.5	SUPER_10
110493at71240	SUPER_9	11001346.0	SUPER_9
110758at71240	SUPER_10	28160778.0	SUPER_10
110761at71240	SUPER_10	20136229.0	SUPER_10
110764at71240	SUPER_15	13964245.5	SUPER_15
110801at71240	SUPER_9	35048626.5	SUPER_9
110940at71240	SUPER_15	35790363.5	SUPER_15
111580at71240	SUPER_15	9664842.5	SUPER_15
111670at71240	SUPER_3	26765045.5	SUPER_3
111764at71240	SUPER_14	1053367.0	SUPER_14
111853at71240	SUPER_9	692859.0	SUPER_9
112150at71240	SUPER_14	27991167.0	SUPER_14
112200at71240	SUPER_17	32026248.5	SUPER_17
112228at71240	SUPER_16	11280902.0	SUPER_16
112253at71240	SUPER_12	28957001.5	SUPER_12
112334at71240	SUPER_11	39692500.0	SUPER_12
112343at71240	SUPER_16	4821093.5	SUPER_16
112580at71240	SUPER_5	32468672.5	SUPER_5
112753at71240	SUPER_8	11843814.5	SUPER_8
112824at71240	SUPER_4	9534171.0	SUPER_4
112948at71240	SUPER_5	45007931.5	SUPER_5
113355at71240	SUPER_13	2710450.5	SUPER_13
113711at71240	SUPER_11	34787740.0	SUPER_11
113849at71240	SUPER_11	40223311.0	SUPER_11
113983at71240	SUPER_3	18328863.0	SUPER_3
114244at71240	SUPER_11	20516414.0	SUPER_11
114245at71240	SUPER_11	35179329.0	SUPER_11
114246at71240	SUPER_13	10161165.5	SUPER_13
114314at71240	SUPER_6	18654419.5	SUPER_6
114453at71240	SUPER_2	20883472.5	SUPER_2
114832at71240	SUPER_1	11356773.5	SUPER_1
115032at71240	SUPER_15	40894259.5	SUPER_15
115049at71240	SUPER_15	54208675.0	SUPER_15
115176at71240	SUPER_2	6958174.0	SUPER_2
115194at71240	SUPER_6	5268494.5	SUPER_6
115239at71240	SUPER_8	10391219.5	SUPER_8
115480at71240	SUPER_5	29916041.0	SUPER_5
115665at71240	SUPER_16	3176514.0	SUPER_16
115707at71240	SUPER_9	33896174.5	SUPER_9
115938at71240	SUPER_2	34731056.0	SUPER_2
116032at71240	SUPER_8	20777180.0	SUPER_8
116155at71240	SUPER_10	657997.0	SUPER_10
116194at71240	SUPER_8	1712903.5	SUPER_8
116334at71240	SUPER_6	3913420.5	SUPER_6
116578at71240	SUPER_5	24693914.0	SUPER_5
116610at71240	SUPER_16	7179070.0	SUPER_5
116773at71240	SUPER_16	22356201.5	SUPER_16
116811at71240	SUPER_4	10949825.0	SUPER_4
116909at71240	SUPER_15	18489263.0	SUPER_15
117012at71240	SUPER_4	56265.5	SUPER_4
117014at71240	SUPER_15	36051590.5	SUPER_15
117248at71240	SUPER_15	14955226.5	SUPER_15
117250at71240	SUPER_11	34662529.0	SUPER_11
117781at71240	SUPER_13	18865795.0	SUPER_13
117803at71240	SUPER_4	4205303.0	SUPER_4
117864at71240	SUPER_6	30574276.0	SUPER_6
117879at71240	SUPER_3	21338929.0	SUPER_3
118154at71240	SUPER_13	15618242.0	SUPER_3
118186at71240	SUPER_15	4736988.5	SUPER_15
118190at71240	SUPER_6	630372.0	SUPER_6
118248at71240	SUPER_3	33866876.5	SUPER_3
118451at71240	SUPER_9	6629883.0	SUPER_3
118488at71240	SUPER_6	25766040.0	SUPER_6
118560at71240	SUPER_13	14272682.5	SUPER_13
118630at71240	SUPER_10	11724131.0	SUPER_10
118771at71240	SUPER_12	505153.0	SUPER_12
118773at71240	SUPER_10	11979362.5	SUPER_10
118793at71240	SUPER_6	4905672.0	SUPER_6
118885at71240	SUPER_17	26118550.0	SUPER_17
119048at71240	SUPER_3	16590706.5	SUPER_3
119251at71240	SUPER_2	28155040.0	SUPER_2
119339at71240	SUPER_14	367680.0	SUPER_14
119695at71240	SUPER_5	40549747.5	SUPER_5
119855at71240	SUPER_6	18451407.0	SUPER_6
119963at71240	SUPER_3	578798.5	SUPER_3
120021at71240	SUPER_1	24696633.0	SUPER_1
120126at71240	SUPER_9	26913837.0	SUPER_9
120398at71240	SUPER_4	4525096.5	SUPER_4
120543at71240	SUPER_16	15182186.0	SUPER_16
120594at71240	SUPER_16	491699.5	SUPER_16
120821at71240	SUPER_17	15899165.5	SUPER_17
120837at71240	SUPER_14	25350738.5	SUPER_14
121160at71240	SUPER_10	35599621.5	SUPER_10
121242at71240	SUPER_5	31888459.5	SUPER_5
121526at71240	SUPER_15	35377042.5	SUPER_15
121733at71240	SUPER_2	33243645.0	SUPER_2
121760at71240	SUPER_4	22807656.5	SUPER_4
121792at71240	SUPER_4	1700284.0	SUPER_4
121795at71240	SUPER_4	3916078.0	SUPER_4
121990at71240	SUPER_7	33534867.0	SUPER_7
122588at71240	SUPER_1	930601.0	SUPER_7
122841at71240	SUPER_10	1646281.0	SUPER_10
122888at71240	SUPER_6	5531779.5	SUPER_6
123080at71240	SUPER_1	19738423.5	SUPER_1
123100at71240	SUPER_4	2132692.0	SUPER_4
123273at71240	SUPER_14	30213129.0	SUPER_14
123296at71240	SUPER_7	21909680.0	SUPER_7
123457at71240	SUPER_1	15165171.5	SUPER_1
123460at71240	SUPER_5	7665168.0	SUPER_5
123623at71240	SUPER_12	28735116.0	SUPER_12
123703at71240	SUPER_12	2478574.0	SUPER_12
123706at71240	SUPER_1	16586105.5	SUPER_1
124041at71240	SUPER_13	21566122.0	SUPER_13
124055at71240	SUPER_12	24494092.0	SUPER_12
124229at71240	SUPER_11	24113083.5	SUPER_11
124521at71240	SUPER_7	3609983.0	SUPER_7
124611at71240	SUPER_3	10047709.0	SUPER_3
124676at71240	SUPER_4	28063257.5	SUPER_4
124828at71240	SUPER_9	17995147.0	SUPER_9
124914at71240	SUPER_17	14680370.0	SUPER_17
124981at71240	SUPER_17	23220391.5	SUPER_17
125595at71240	SUPER_3	16543636.0	SUPER_3
126007at71240	SUPER_7	18368999.5	SUPER_7
126119at71240	SUPER_14	5526119.5	SUPER_14
126268at71240	SUPER_5	24030869.0	SUPER_5
126341at71240	SUPER_1	17115833.0	SUPER_1
126373at71240	SUPER_1	24289450.5	SUPER_1
126434at71240	SUPER_15	41242604.0	SUPER_15
126505at71240	SUPER_5	18303192.0	SUPER_5
126919at71240	SUPER_9	29356131.5	SUPER_9
127145at71240	SUPER_14	28006733.0	SUPER_14
127152at71240	SUPER_12	28708568.0	SUPER_12
127246at71240	SUPER_17	1444210.0	SUPER_17
127450at71240	SUPER_12	27117981.5	SUPER_12
127488at71240	SUPER_7	27634809.0	SUPER_7
127633at71240	SUPER_8	992063.5	SUPER_8
127689at71240	SUPER_15	5684468.5	SUPER_15
128416at71240	SUPER_15	16799253.0	SUPER_15
128778at71240	SUPER_6	33750412.0	SUPER_6
128798at71240	SUPER_6	22286903.0	SUPER_6
129014at71240	SUPER_16	484890.5	SUPER_16
129251at71240	SUPER_14	23058885.0	SUPER_14
129258at71240	SUPER_15	7338002.5	SUPER_15
129339at71240	SUPER_13	15939717.5	SUPER_13
129369at71240	SUPER_4	10528000.0	SUPER_4
129496at71240	SUPER_17	8788484.5	SUPER_17
129503at71240	SUPER_17	33777841.0	SUPER_17
129552at71240	SUPER_12	538344.0	SUPER_12
129600at71240	SUPER_4	22100511.5	SUPER_4
129792at71240	SUPER_10	25815081.0	SUPER_10
130059at71240	SUPER_8	22174159.5	SUPER_8
130069at71240	SUPER_12	10959753.0	SUPER_12
130129at71240	SUPER_5	3190379.5	SUPER_5
130206at71240	SUPER_17	966950.5	SUPER_5
130242at71240	SUPER_15	11740887.0	SUPER_15
130294at71240	SUPER_13	24686585.5	SUPER_13
130697at71240	SUPER_2	25313042.5	SUPER_2
130739at71240	SUPER_4	18853828.5	SUPER_4
130836at71240	SUPER_11	37398169.5	SUPER_4
130898at71240	SUPER_15	19535170.0	SUPER_15
131054at71240	SUPER_14	8678481.0	SUPER_14
131295at71240	SUPER_9	16753865.0	SUPER_9
131302at71240	SUPER_9	7482139.0	SUPER_9
131361at71240	SUPER_6	7048644.5	SUPER_6
131469at71240	SUPER_17	612264.5	SUPER_17
131739at71240	SUPER_5	7191209.5	SUPER_5
131973at71240	SUPER_11	175871.5	SUPER_11
131983at71240	SUPER_10	24624461.5	SUPER_10
132312at71240	SUPER_14	5422569.0	SUPER_14
132867at71240	SUPER_11	23149436.0	SUPER_11
132877at71240	SUPER_1	20529681.5	SUPER_11
133077at71240	SUPER_16	30452030.5	SUPER_16
133253at71240	SUPER_12	27694858.5	SUPER_12
133324at71240	SUPER_4	4968664.5	SUPER_4
133342at71240	SUPER_8	11871115.0	SUPER_8
133348at71240	SUPER_10	39049334.0	SUPER_10
133630at71240	SUPER_1	26803923.5	SUPER_1
133645at71240	SUPER_14	18357244.5	SUPER_14
133836at71240	SUPER_11	20268996.0	SUPER_11
133858at71240	SUPER_9	15944171.0	SUPER_9
133861at71240	SUPER_11	38924564.0	SUPER_11
133978at71240	SUPER_11	30152827.5	SUPER_11
134001at71240	SUPER_1	15792723.5	SUPER_1
134190at71240	SUPER_2	33741649.0	SUPER_1
134207at71240	SUPER_10	25808956.0	SUPER_1
134421at71240	SUPER_14	29664639.5	SUPER_14
134486at71240	SUPER_8	9432107.0	SUPER_8
134565at71240	SUPER_16	26383855.5	SUPER_16
134991at71240	SUPER_13	23707701.5	SUPER_13
135037at71240	SUPER_16	774604.0	SUPER_16
135173at71240	SUPER_13	290185.5	SUPER_13
135492at71240	SUPER_9	30029401.5	SUPER_9
135493at71240	SUPER_7	34713479.5	SUPER_7
135610at71240	SUPER_8	25592343.0	SUPER_8
135671at71240	SUPER_10	6385949.5	SUPER_10
135744at71240	SUPER_13	21659558.5	SUPER_13
135977at71240	SUPER_6	3825485.5	SUPER_6
136146at71240	SUPER_2	29340570.5	SUPER_2
136373at71240	SUPER_14	11228372.5	SUPER_14
136481at71240	SUPER_15	31093936.5	SUPER_15
136552at71240	SUPER_1	16866392.0	SUPER_1
136717at71240	SUPER_10	595779.5	SUPER_10
136761at71240	SUPER_7	13372678.0	SUPER_7
136817at71240	SUPER_4	1601308.0	SUPER_4
137014at71240	SUPER_14	29159281.5	SUPER_14
137129at71240	SUPER_3	26423907.0	SUPER_3
137421at71240	SUPER_15	35801797.0	SUPER_15
137472at71240	SUPER_6	33982060.0	SUPER_6
137590at71240	SUPER_2	31295620.5	SUPER_2
137607at71240	SUPER_11	10760899.5	SUPER_2
137749at71240	SUPER_1	25473981.5	SUPER_1
137779at71240	SUPER_6	24020456.0	SUPER_6
138154at71240	SUPER_8	6053448.0	SUPER_6
138178at71240	SUPER_7	12321216.0	SUPER_7
138217at71240	SUPER_15	3542689.0	SUPER_15
138237at71240	SUPER_15	10478618.0	SUPER_15
138378at71240	SUPER_16	9275279.5	SUPER_16
138740at71240	SUPER_3	30776653.0	SUPER_3
139010at71240	SUPER_13	5454808.5	SUPER_13
139195at71240	SUPER_8	4645865.0	SUPER_8
139365at71240	SUPER_3	28018014.0	SUPER_3
139689at71240	SUPER_2	4389813.5	SUPER_2
139770at71240	SUPER_16	12398427.5	SUPER_16
139803at71240	SUPER_7	7445088.5	SUPER_7
139835at71240	SUPER_12	16832785.0	SUPER_12
140209at71240	SUPER_15	15880455.0	SUPER_15
140271at71240	SUPER_16	20876484.5	SUPER_15
140331at71240	SUPER_16	39050592.0	SUPER_16
140346at71240	SUPER_3	30551470.0	SUPER_3
140443at71240	SUPER_11	30289.5	SUPER_11
140463at71240	SUPER_12	26490299.0	SUPER_12
140511at71240	SUPER_8	19159948.0	SUPER_8
140535at71240	SUPER_2	33200234.0	SUPER_2
141127at71240	SUPER_11	31045385.0	SUPER_11
141229at71240	SUPER_12	19519361.0	SUPER_12
141255at71240	SUPER_6	11197709.0	SUPER_6
141362at71240	SUPER_2	10979094.0	SUPER_2
141489at71240	SUPER_8	28123029.5	SUPER_8
142238at71240	SUPER_17	12379574.0	SUPER_17
142247at71240	SUPER_13	9345684.5	SUPER_13
142316at71240	SUPER_15	16808231.5	SUPER_15
142514at71240	SUPER_1	23719415.0	SUPER_1
142596at71240	SUPER_7	12567752.0	SUPER_7
142647at71240	SUPER_15	10055958.5	SUPER_15
142995at71240	SUPER_15	37609015.0	SUPER_15
143055at71240	SUPER_3	27901443.5	SUPER_3
143087at71240	SUPER_13	4317249.0	SUPER_13
143264at71240	SUPER_9	9109081.5	SUPER_9
143360at71240	SUPER_15	14053086.5	SUPER_15
143478at71240	SUPER_15	7682904.0	SUPER_15
143546at71240	SUPER_8	13112106.0	SUPER_8
143547at71240	SUPER_1	26935950.5	SUPER_1
143771at71240	SUPER_13	7390326.0	SUPER_13
143885at71240	SUPER_4	29011342.5	SUPER_4
144024at71240	SUPER_2	35509286.5	SUPER_2
144575at71240	SUPER_9	34939078.5	SUPER_9
144613at71240	SUPER_7	35108279.0	SUPER_7
144645at71240	SUPER_15	7679676.0	SUPER_15
144742at71240	SUPER_12	15405795.5	SUPER_12
144846at71240	SUPER_10	43170672.0	SUPER_10
144880at71240	SUPER_10	26541697.0	SUPER_10
144984at71240	SUPER_12	17251046.0	SUPER_12
145159at71240	SUPER_15	9623780.5	SUPER_15
145382at71240	SUPER_15	9129915.5	SUPER_15
145566at71240	SUPER_4	4977438.5	SUPER_4
145607at71240	SUPER_6	650998.0	SUPER_6
145904at71240	SUPER_7	1090365.0	SUPER_7
146073at71240	SUPER_14	4621633.0	SUPER_14
146214at71240	SUPER_13	18181706.0	SUPER_13
146268at71240	SUPER_2	29312203.5	SUPER_2
146438at71240	SUPER_10:30083589-31994215	30083942.5	SUPER_2
146681at71240	SUPER_17	2274711.0	SUPER_17
147003at71240	SUPER_2	32914159.5	SUPER_2
147060at71240	SUPER_10	30323350.0	SUPER_10
147098at71240	SUPER_11	13432443.5	SUPER_10
147267at71240	SUPER_4	10839409.5	SUPER_4
147278at71240	SUPER_15	50456134.5	SUPER_15
147576at71240	SUPER_10	23434294.0	SUPER_15
147583at71240	SUPER_3	32668022.5	SUPER_3
147683at71240	SUPER_12	588994.5	SUPER_12
147914at71240	SUPER_15	4450696.5	SUPER_15
147957at71240	SUPER_3	512257.0	SUPER_3
148579at71240	SUPER_17	27250067.5	SUPER_17
148950at71240	SUPER_1	2959396.5	SUPER_1
148977at71240	SUPER_4	27161831.5	SUPER_4
149002at71240	SUPER_9	184029.0	SUPER_9
149062at71240	SUPER_12	8353003.0	SUPER_12
149218at71240	SUPER_3	30227658.5	SUPER_3
149545at71240	SUPER_15	8052489.5	SUPER_15
150248at71240	SUPER_10	34396475.5	SUPER_10
150253at71240	SUPER_5	46051469.5	SUPER_10
150606at71240	SUPER_7	27903552.0	SUPER_7
150876at71240	SUPER_6	34745061.5	SUPER_6
151139at71240	SUPER_1	19249653.5	SUPER_1
151372at71240	SUPER_5	15958173.0	SUPER_5
151383at71240	SUPER_16	4670860.0	SUPER_16
151508at71240	SUPER_6	23791035.5	SUPER_6
151593at71240	SUPER_17	33662909.5	SUPER_17
151600at71240	SUPER_13	923034.0	SUPER_13
152308at71240	SUPER_5	15551343.0	SUPER_5
152326at71240	SUPER_1	27969662.0	SUPER_1
152354at71240	SUPER_8	11347347.5	SUPER_8
152642at71240	SUPER_13	3416781.5	SUPER_13
152656at71240	SUPER_15	9495300.0	SUPER_15
152814at71240	SUPER_3	8800613.0	SUPER_3
153062at71240	SUPER_17	25339049.0	SUPER_17
153112at71240	SUPER_12	14489862.0	SUPER_12
153126at71240	SUPER_13	23319519.5	SUPER_13
153231at71240	SUPER_11	18118965.0	SUPER_11
153352at71240	SUPER_7	30530829.0	SUPER_7
153784at71240	SUPER_5	16458112.0	SUPER_5
153822at71240	SUPER_10	13943386.5	SUPER_10
153849at71240	SUPER_7	27756141.5	SUPER_7
153887at71240	SUPER_11	32900980.5	SUPER_7
153919at71240	SUPER_16	5485013.5	SUPER_16
154228at71240	SUPER_11	141402.5	SUPER_11
154301at71240	SUPER_3	2963204.0	SUPER_3
154419at71240	SUPER_14	14611430.0	SUPER_14
154588at71240	SUPER_11	5276969.0	SUPER_11
154748at71240	SUPER_11	40317340.0	SUPER_11
155156at71240	SUPER_5	7245201.5	SUPER_5
155548at71240	SUPER_5	37361399.0	SUPER_5
155594at71240	SUPER_10	7802362.5	SUPER_10
155679at71240	SUPER_14	6414507.0	SUPER_14
155741at71240	SUPER_6	4932967.0	SUPER_6
155780at71240	SUPER_6	1788097.5	SUPER_6
155801at71240	SUPER_5	29832551.0	SUPER_5
155952at71240	SUPER_16	31034494.5	SUPER_16
156215at71240	SUPER_12	21157668.0	SUPER_12
156253at71240	SUPER_13	20275889.0	SUPER_13
156266at71240	SUPER_15	18329001.5	SUPER_13
156328at71240	SUPER_6	1778231.0	SUPER_6
156373at71240	SUPER_12	16692513.5	SUPER_12
156403at71240	SUPER_10	38724797.0	SUPER_10
156724at71240	SUPER_2	9232033.0	SUPER_2
156871at71240	SUPER_6	1927289.5	SUPER_6
157208at71240	SUPER_6	16491347.5	SUPER_6
157807at71240	SUPER_17	22506768.0	SUPER_17
157865at71240	SUPER_3	33651951.0	SUPER_3
158025at71240	SUPER_2	18802023.5	SUPER_2
158308at71240	SUPER_12	926675.0	SUPER_12
158488at71240	SUPER_15	35401309.5	SUPER_15
158561at71240	SUPER_3	21802208.0	SUPER_3
158630at71240	SUPER_3	12558409.5	SUPER_3
158738at71240	SUPER_1	27289241.5	SUPER_1
159189at71240	SUPER_5	6139145.5	SUPER_5
159192at71240	SUPER_16	30320593.5	SUPER_16
159977at71240	SUPER_3	34902521.0	SUPER_3
160132at71240	SUPER_7	28819268.0	SUPER_7
160355at71240	SUPER_11	35731841.0	SUPER_11
160407at71240	SUPER_7	30574040.5	SUPER_7
160437at71240	SUPER_12	521579.5	SUPER_12
160800at71240	SUPER_10	20240403.0	SUPER_10
161153at71240	SUPER_2	9132039.5	SUPER_10
161355at71240	SUPER_2	35694797.0	SUPER_2
161904at71240	SUPER_9	31338957.0	SUPER_9
162486at71240	SUPER_2	2341956.5	SUPER_2
163302at71240	SUPER_7	14308374.0	SUPER_7
163422at71240	SUPER_8	3932311.5	SUPER_8
163503at71240	SUPER_11	27901425.5	SUPER_11
163597at71240	SUPER_16	1581668.0	SUPER_16
163848at71240	SUPER_13	87760.5	SUPER_13
163928at71240	SUPER_6	721716.5	SUPER_6
164181at71240	SUPER_7	18101099.0	SUPER_7
164286at71240	SUPER_14	2876065.0	SUPER_14
164300at71240	SUPER_4	503815.5	SUPER_4
164646at71240	SUPER_9	8986235.0	SUPER_9
164894at71240	SUPER_11	20646766.5	SUPER_11
165371at71240	SUPER_8	8942749.0	SUPER_8
165489at71240	SUPER_16	10678078.5	SUPER_13
165499at71240	SUPER_1	29074976.0	SUPER_1
165787at71240	SUPER_10	12747726.0	SUPER_10
165942at71240	SUPER_7	34021568.5	SUPER_7
166458at71240	SUPER_15	39885748.5	SUPER_15
166468at71240	SUPER_9	13330097.5	SUPER_9
166617at71240	SUPER_15	27229342.5	SUPER_15
166636at71240	SUPER_2	4306213.5	SUPER_15
166864at71240	SUPER_11	27082336.0	SUPER_15
167547at71240	SUPER_16	7467454.5	SUPER_15
167757at71240	SUPER_10	39051749.5	SUPER_10
168188at71240	SUPER_17	1600525.0	SUPER_17
168352at71240	SUPER_13	26537732.0	SUPER_13
168375at71240	SUPER_1	29862027.0	SUPER_1
168590at71240	SUPER_15	40883439.0	SUPER_15
168756at71240	SUPER_8	19298018.0	SUPER_15
168829at71240	SUPER_12	3647498.5	SUPER_12
168903at71240	SUPER_11	14084274.5	SUPER_11
169742at71240	SUPER_3	6620245.5	SUPER_3
169754at71240	SUPER_12	27124842.5	SUPER_12
169801at71240	SUPER_12	9490837.0	SUPER_12
169903at71240	SUPER_15	2808805.5	SUPER_15
169920at71240	SUPER_11	11313494.0	SUPER_11
169989at71240	SUPER_5	37363622.0	SUPER_5
170123at71240	SUPER_12	19134191.0	SUPER_12
170233at71240	SUPER_7	13775191.0	SUPER_12
170428at71240	SUPER_13	1154534.0	SUPER_13
170769at71240	SUPER_16	24744842.5	SUPER_16
171491at71240	SUPER_2	4861804.5	SUPER_2
171569at71240	SUPER_10	7365332.5	SUPER_10
172858at71240	SUPER_12:16284917-17266099	17264693.0	SUPER_10
172984at71240	SUPER_6	4902790.5	SUPER_6
173697at71240	SUPER_3	18935675.0	SUPER_3
174050at71240	SUPER_9	30738627.5	SUPER_9
174905at71240	SUPER_10	42923605.0	SUPER_10
175270at71240	SUPER_7	32706926.0	SUPER_7
175688at71240	SUPER_15	9781369.5	SUPER_7
176807at71240	SUPER_8	2731311.0	SUPER_8
177192at71240	SUPER_1	26172099.5	SUPER_1
177493at71240	SUPER_6	34039487.0	SUPER_6
177652at71240	SUPER_15	19610869.5	SUPER_15
178740at71240	SUPER_17	26063430.5	SUPER_17
178819at71240	SUPER_3	12563077.5	SUPER_3
180031at71240	SUPER_10	38808647.0	SUPER_10
180042at71240	SUPER_2	37886834.0	SUPER_2
180735at71240	SUPER_10	19945871.5	SUPER_10
181266at71240	SUPER_2	25615359.0	SUPER_2
182316at71240	SUPER_2	19276305.5	SUPER_2
